序号,学号,姓名,班级,均分,门数,总学分,pe1_score,pe2_score,除去体育分数,学业水平分,体育分数
1,2024123456,倪小丰,24牢数据2班,91.7269973754883,22,56,80.0,84,92.09405388022371,55.256432328134224,1.64
2,2024234567,倪牢丰,24牢数据2班,89.345678,20,50,80.0,86,89.61570685106385,53.769424110638305,1.66
